{
    "index": 5,
    "wavname": "000005_0.5164",
    "reverb_path": "/work/hdd/bbzz/datasets/MERL-dereverb_signals/fixarr/wav16k/tt/mix/000005_0.5164.wav",
    "clean_path": "/work/hdd/bbzz/datasets/MERL-dereverb_signals/fixarr/wav16k/tt/s1/000005_0.5164.wav",
    "sample_rate": 16000,
    "dataset": "MERL-dereverb",
    "metrics": {
        "id": 5,
        "wavname": "5.wav",
        "neg_si_sdr": -15.62121295928955,
        "input_sdr": 6.061161518096924,
        "input_sdr_all": [
            6.061161518096924
        ],
        "input_si_sdr": 0.7129507660865784,
        "input_si_sdr_all": [
            0.7129507660865784
        ],
        "sdr_i": 13.59033727645874,
        "sdr_all_i": [
            13.590337753295898
        ],
        "si_sdr_i": 14.908262193202972,
        "si_sdr_all_i": [
            14.908262252807617
        ],
        "sdr": 19.651498794555664,
        "sdr_all": [
            19.651498794555664
        ],
        "si_sdr": 15.62121295928955,
        "si_sdr_all": [
            15.62121295928955
        ]
    }
}