{
    "index": 1,
    "wavname": "000001_1.0863",
    "reverb_path": "/work/hdd/bbzz/datasets/MERL-dereverb_signals/fixarr/wav16k/tt/mix/000001_1.0863.wav",
    "clean_path": "/work/hdd/bbzz/datasets/MERL-dereverb_signals/fixarr/wav16k/tt/s1/000001_1.0863.wav",
    "sample_rate": 16000,
    "dataset": "MERL-dereverb",
    "metrics": {
        "id": 1,
        "wavname": "1.wav",
        "neg_si_sdr": -13.479727745056152,
        "input_sdr": -0.22605273127555847,
        "input_sdr_all": [
            -0.22605273127555847
        ],
        "input_si_sdr": -3.114823818206787,
        "input_si_sdr_all": [
            -3.114823818206787
        ],
        "sdr_i": 15.886260479688644,
        "sdr_all_i": [
            15.886260032653809
        ],
        "si_sdr_i": 16.59455156326294,
        "si_sdr_all_i": [
            16.59455108642578
        ],
        "sdr": 15.660207748413086,
        "sdr_all": [
            15.660207748413086
        ],
        "si_sdr": 13.479727745056152,
        "si_sdr_all": [
            13.479727745056152
        ]
    }
}