{
    "index": 2,
    "wavname": "000002_0.2769",
    "reverb_path": "/work/hdd/bbzz/datasets/MERL-dereverb_signals/fixarr/wav16k/tt/mix/000002_0.2769.wav",
    "clean_path": "/work/hdd/bbzz/datasets/MERL-dereverb_signals/fixarr/wav16k/tt/s1/000002_0.2769.wav",
    "sample_rate": 16000,
    "dataset": "MERL-dereverb",
    "metrics": {
        "id": 2,
        "wavname": "2.wav",
        "neg_si_sdr": -6.954446315765381,
        "input_sdr": 6.286417007446289,
        "input_sdr_all": [
            6.286417007446289
        ],
        "input_si_sdr": -1.4378738403320312,
        "input_si_sdr_all": [
            -1.4378738403320312
        ],
        "sdr_i": 5.189544677734375,
        "sdr_all_i": [
            5.189544677734375
        ],
        "si_sdr_i": 8.39232063293457,
        "si_sdr_all_i": [
            8.39232063293457
        ],
        "sdr": 11.475961685180664,
        "sdr_all": [
            11.475961685180664
        ],
        "si_sdr": 6.954446792602539,
        "si_sdr_all": [
            6.954446792602539
        ]
    }
}