{
    "index": 4,
    "wavname": "000004_1.1737",
    "reverb_path": "/work/hdd/bbzz/datasets/MERL-dereverb_signals/fixarr/wav16k/tt/mix/000004_1.1737.wav",
    "clean_path": "/work/hdd/bbzz/datasets/MERL-dereverb_signals/fixarr/wav16k/tt/s1/000004_1.1737.wav",
    "sample_rate": 16000,
    "dataset": "MERL-dereverb",
    "metrics": {
        "id": 4,
        "wavname": "4.wav",
        "neg_si_sdr": -1.4602326154708862,
        "input_sdr": -2.8044192790985107,
        "input_sdr_all": [
            -2.8044192790985107
        ],
        "input_si_sdr": -9.196416854858398,
        "input_si_sdr_all": [
            -9.196416854858398
        ],
        "sdr_i": 10.375545263290405,
        "sdr_all_i": [
            10.375545501708984
        ],
        "si_sdr_i": 10.656649708747864,
        "si_sdr_all_i": [
            10.656649589538574
        ],
        "sdr": 7.5711259841918945,
        "sdr_all": [
            7.5711259841918945
        ],
        "si_sdr": 1.4602328538894653,
        "si_sdr_all": [
            1.4602328538894653
        ]
    }
}