{
    "index": 6,
    "wavname": "000006_1.1995",
    "reverb_path": "/work/hdd/bbzz/datasets/MERL-dereverb_signals/fixarr/wav16k/tt/mix/000006_1.1995.wav",
    "clean_path": "/work/hdd/bbzz/datasets/MERL-dereverb_signals/fixarr/wav16k/tt/s1/000006_1.1995.wav",
    "sample_rate": 16000,
    "dataset": "MERL-dereverb",
    "metrics": {
        "id": 6,
        "wavname": "6.wav",
        "neg_si_sdr": -14.881675720214844,
        "input_sdr": -0.4891827702522278,
        "input_sdr_all": [
            -0.4891827702522278
        ],
        "input_si_sdr": -4.408193111419678,
        "input_si_sdr_all": [
            -4.408193111419678
        ],
        "sdr_i": 16.812627136707306,
        "sdr_all_i": [
            16.8126277923584
        ],
        "si_sdr_i": 19.28986883163452,
        "si_sdr_all_i": [
            19.28986930847168
        ],
        "sdr": 16.323444366455078,
        "sdr_all": [
            16.323444366455078
        ],
        "si_sdr": 14.881675720214844,
        "si_sdr_all": [
            14.881675720214844
        ]
    }
}