{
    "index": 0,
    "wavname": "000000_1.0537",
    "reverb_path": "/work/hdd/bbzz/datasets/MERL-dereverb_signals/fixarr/wav16k/tt/mix/000000_1.0537.wav",
    "clean_path": "/work/hdd/bbzz/datasets/MERL-dereverb_signals/fixarr/wav16k/tt/s1/000000_1.0537.wav",
    "sample_rate": 16000,
    "dataset": "MERL-dereverb",
    "metrics": {
        "id": 0,
        "wavname": "0.wav",
        "neg_si_sdr": -7.712038040161133,
        "input_sdr": -1.2009016275405884,
        "input_sdr_all": [
            -1.2009016275405884
        ],
        "input_si_sdr": -9.727059364318848,
        "input_si_sdr_all": [
            -9.727059364318848
        ],
        "sdr_i": 11.669594407081604,
        "sdr_all_i": [
            11.669594764709473
        ],
        "si_sdr_i": 17.439098358154297,
        "si_sdr_all_i": [
            17.439098358154297
        ],
        "sdr": 10.468692779541016,
        "sdr_all": [
            10.468692779541016
        ],
        "si_sdr": 7.712038993835449,
        "si_sdr_all": [
            7.712038993835449
        ]
    }
}