{
    "index": 0,
    "wavname": "000000_1.0537",
    "reverb_path": "/work/hdd/bbzz/datasets/MERL-dereverb_signals/fixarr/wav16k/tt/mix/000000_1.0537.wav",
    "clean_path": "/work/hdd/bbzz/datasets/MERL-dereverb_signals/fixarr/wav16k/tt/s1/000000_1.0537.wav",
    "sample_rate": 16000,
    "dataset": "MERL-dereverb",
    "metrics": {
        "id": 0,
        "wavname": "0.wav",
        "neg_si_sdr": -13.19282341003418,
        "input_sdr": -1.2009016275405884,
        "input_sdr_all": [
            -1.2009016275405884
        ],
        "input_si_sdr": -9.727059364318848,
        "input_si_sdr_all": [
            -9.727059364318848
        ],
        "sdr_i": 16.016611695289612,
        "sdr_all_i": [
            16.016611099243164
        ],
        "si_sdr_i": 22.919882774353027,
        "si_sdr_all_i": [
            22.919883728027344
        ],
        "sdr": 14.815710067749023,
        "sdr_all": [
            14.815710067749023
        ],
        "si_sdr": 13.19282341003418,
        "si_sdr_all": [
            13.19282341003418
        ]
    }
}