{
    "index": 3,
    "wavname": "000003_0.9862",
    "reverb_path": "/work/hdd/bbzz/datasets/MERL-dereverb_signals/fixarr/wav16k/tt/mix/000003_0.9862.wav",
    "clean_path": "/work/hdd/bbzz/datasets/MERL-dereverb_signals/fixarr/wav16k/tt/s1/000003_0.9862.wav",
    "sample_rate": 16000,
    "dataset": "MERL-dereverb",
    "metrics": {
        "id": 3,
        "wavname": "3.wav",
        "neg_si_sdr": -9.76642894744873,
        "input_sdr": 0.46222877502441406,
        "input_sdr_all": [
            0.46222877502441406
        ],
        "input_si_sdr": -6.104582786560059,
        "input_si_sdr_all": [
            -6.104582786560059
        ],
        "sdr_i": 11.854666709899902,
        "sdr_all_i": [
            11.854666709899902
        ],
        "si_sdr_i": 15.871010780334473,
        "si_sdr_all_i": [
            15.871010780334473
        ],
        "sdr": 12.316895484924316,
        "sdr_all": [
            12.316895484924316
        ],
        "si_sdr": 9.766427993774414,
        "si_sdr_all": [
            9.766427993774414
        ]
    }
}