{
    "index": 9,
    "wavname": "000009_1.1686",
    "reverb_path": "/work/hdd/bbzz/datasets/MERL-dereverb_signals/fixarr/wav16k/tt/mix/000009_1.1686.wav",
    "clean_path": "/work/hdd/bbzz/datasets/MERL-dereverb_signals/fixarr/wav16k/tt/s1/000009_1.1686.wav",
    "sample_rate": 16000,
    "dataset": "MERL-dereverb",
    "metrics": {
        "id": 9,
        "wavname": "9.wav",
        "neg_si_sdr": -2.3288803100585938,
        "input_sdr": -2.190876007080078,
        "input_sdr_all": [
            -2.190876007080078
        ],
        "input_si_sdr": -7.406359672546387,
        "input_si_sdr_all": [
            -7.406359672546387
        ],
        "sdr_i": 9.877947807312012,
        "sdr_all_i": [
            9.877947807312012
        ],
        "si_sdr_i": 9.73523998260498,
        "si_sdr_all_i": [
            9.73523998260498
        ],
        "sdr": 7.687071800231934,
        "sdr_all": [
            7.687071800231934
        ],
        "si_sdr": 2.3288803100585938,
        "si_sdr_all": [
            2.3288803100585938
        ]
    }
}