{
    "index": 8,
    "wavname": "000008_1.2623",
    "reverb_path": "/work/hdd/bbzz/datasets/MERL-dereverb_signals/fixarr/wav16k/tt/mix/000008_1.2623.wav",
    "clean_path": "/work/hdd/bbzz/datasets/MERL-dereverb_signals/fixarr/wav16k/tt/s1/000008_1.2623.wav",
    "sample_rate": 16000,
    "dataset": "MERL-dereverb",
    "metrics": {
        "id": 8,
        "wavname": "8.wav",
        "neg_si_sdr": -11.185775756835938,
        "input_sdr": -2.7285025119781494,
        "input_sdr_all": [
            -2.7285025119781494
        ],
        "input_si_sdr": -7.951021194458008,
        "input_si_sdr_all": [
            -7.951021194458008
        ],
        "sdr_i": 15.837707757949829,
        "sdr_all_i": [
            15.83770751953125
        ],
        "si_sdr_i": 19.136796951293945,
        "si_sdr_all_i": [
            19.136796951293945
        ],
        "sdr": 13.10920524597168,
        "sdr_all": [
            13.10920524597168
        ],
        "si_sdr": 11.185775756835938,
        "si_sdr_all": [
            11.185775756835938
        ]
    }
}