{
    "index": 4,
    "wavname": "000004_1.1737",
    "reverb_path": "/work/hdd/bbzz/datasets/MERL-dereverb_signals/fixarr/wav16k/tt/mix/000004_1.1737.wav",
    "clean_path": "/work/hdd/bbzz/datasets/MERL-dereverb_signals/fixarr/wav16k/tt/s1/000004_1.1737.wav",
    "sample_rate": 16000,
    "dataset": "MERL-dereverb",
    "metrics": {
        "id": 4,
        "wavname": "4.wav",
        "neg_si_sdr": -9.223088264465332,
        "input_sdr": -2.8044192790985107,
        "input_sdr_all": [
            -2.8044192790985107
        ],
        "input_si_sdr": -9.196416854858398,
        "input_si_sdr_all": [
            -9.196416854858398
        ],
        "sdr_i": 14.232921361923218,
        "sdr_all_i": [
            14.232921600341797
        ],
        "si_sdr_i": 18.41950511932373,
        "si_sdr_all_i": [
            18.419506072998047
        ],
        "sdr": 11.428502082824707,
        "sdr_all": [
            11.428502082824707
        ],
        "si_sdr": 9.223088264465332,
        "si_sdr_all": [
            9.223088264465332
        ]
    }
}