{
    "index": 6,
    "wavname": "000006_1.1995",
    "reverb_path": "/work/hdd/bbzz/datasets/MERL-dereverb_signals/fixarr/wav16k/tt/mix/000006_1.1995.wav",
    "clean_path": "/work/hdd/bbzz/datasets/MERL-dereverb_signals/fixarr/wav16k/tt/s1/000006_1.1995.wav",
    "sample_rate": 16000,
    "dataset": "MERL-dereverb",
    "metrics": {
        "id": 6,
        "wavname": "6.wav",
        "neg_si_sdr": -8.40816879272461,
        "input_sdr": -0.4891827702522278,
        "input_sdr_all": [
            -0.4891827702522278
        ],
        "input_si_sdr": -4.408193111419678,
        "input_si_sdr_all": [
            -4.408193111419678
        ],
        "sdr_i": 10.779838860034943,
        "sdr_all_i": [
            10.779838562011719
        ],
        "si_sdr_i": 12.816361904144287,
        "si_sdr_all_i": [
            12.816362380981445
        ],
        "sdr": 10.290656089782715,
        "sdr_all": [
            10.290656089782715
        ],
        "si_sdr": 8.40816879272461,
        "si_sdr_all": [
            8.40816879272461
        ]
    }
}