{
    "index": 7,
    "wavname": "000007_1.1564",
    "reverb_path": "/work/hdd/bbzz/datasets/MERL-dereverb_signals/fixarr/wav16k/tt/mix/000007_1.1564.wav",
    "clean_path": "/work/hdd/bbzz/datasets/MERL-dereverb_signals/fixarr/wav16k/tt/s1/000007_1.1564.wav",
    "sample_rate": 16000,
    "dataset": "MERL-dereverb",
    "metrics": {
        "id": 7,
        "wavname": "7.wav",
        "neg_si_sdr": -0.26840025186538696,
        "input_sdr": -2.971127986907959,
        "input_sdr_all": [
            -2.971127986907959
        ],
        "input_si_sdr": -7.588380813598633,
        "input_si_sdr_all": [
            -7.588380813598633
        ],
        "sdr_i": 6.707823991775513,
        "sdr_all_i": [
            6.707823753356934
        ],
        "si_sdr_i": 7.85678106546402,
        "si_sdr_all_i": [
            7.856781005859375
        ],
        "sdr": 3.7366960048675537,
        "sdr_all": [
            3.7366960048675537
        ],
        "si_sdr": 0.26840025186538696,
        "si_sdr_all": [
            0.26840025186538696
        ]
    }
}