{
    "index": 2,
    "wavname": "000002_0.2769",
    "reverb_path": "/work/hdd/bbzz/datasets/MERL-dereverb_signals/fixarr/wav16k/tt/mix/000002_0.2769.wav",
    "clean_path": "/work/hdd/bbzz/datasets/MERL-dereverb_signals/fixarr/wav16k/tt/s1/000002_0.2769.wav",
    "sample_rate": 16000,
    "dataset": "MERL-dereverb",
    "metrics": {
        "id": 2,
        "wavname": "2.wav",
        "neg_si_sdr": -11.926675796508789,
        "input_sdr": 6.286417007446289,
        "input_sdr_all": [
            6.286417007446289
        ],
        "input_si_sdr": -1.4378738403320312,
        "input_si_sdr_all": [
            -1.4378738403320312
        ],
        "sdr_i": 10.980266571044922,
        "sdr_all_i": [
            10.980266571044922
        ],
        "si_sdr_i": 13.364551544189453,
        "si_sdr_all_i": [
            13.364551544189453
        ],
        "sdr": 17.26668357849121,
        "sdr_all": [
            17.26668357849121
        ],
        "si_sdr": 11.926677703857422,
        "si_sdr_all": [
            11.926677703857422
        ]
    }
}