{
    "index": 3,
    "wavname": "000003_0.9862",
    "reverb_path": "/work/hdd/bbzz/datasets/MERL-dereverb_signals/fixarr/wav16k/tt/mix/000003_0.9862.wav",
    "clean_path": "/work/hdd/bbzz/datasets/MERL-dereverb_signals/fixarr/wav16k/tt/s1/000003_0.9862.wav",
    "sample_rate": 16000,
    "dataset": "MERL-dereverb",
    "metrics": {
        "id": 3,
        "wavname": "3.wav",
        "neg_si_sdr": -4.068751335144043,
        "input_sdr": 0.46222877502441406,
        "input_sdr_all": [
            0.46222877502441406
        ],
        "input_si_sdr": -6.104582786560059,
        "input_si_sdr_all": [
            -6.104582786560059
        ],
        "sdr_i": 7.81532096862793,
        "sdr_all_i": [
            7.81532096862793
        ],
        "si_sdr_i": 10.173334121704102,
        "si_sdr_all_i": [
            10.173334121704102
        ],
        "sdr": 8.277549743652344,
        "sdr_all": [
            8.277549743652344
        ],
        "si_sdr": 4.068751335144043,
        "si_sdr_all": [
            4.068751335144043
        ]
    }
}