{
    "index": 5,
    "wavname": "000005_0.5164",
    "reverb_path": "/work/hdd/bbzz/datasets/MERL-dereverb_signals/fixarr/wav16k/tt/mix/000005_0.5164.wav",
    "clean_path": "/work/hdd/bbzz/datasets/MERL-dereverb_signals/fixarr/wav16k/tt/s1/000005_0.5164.wav",
    "sample_rate": 16000,
    "dataset": "MERL-dereverb",
    "metrics": {
        "id": 5,
        "wavname": "5.wav",
        "neg_si_sdr": -9.448572158813477,
        "input_sdr": 6.061161518096924,
        "input_sdr_all": [
            6.061161518096924
        ],
        "input_si_sdr": 0.7129507660865784,
        "input_si_sdr_all": [
            0.7129507660865784
        ],
        "sdr_i": 8.014379978179932,
        "sdr_all_i": [
            8.014379501342773
        ],
        "si_sdr_i": 8.735621392726898,
        "si_sdr_all_i": [
            8.735621452331543
        ],
        "sdr": 14.075541496276855,
        "sdr_all": [
            14.075541496276855
        ],
        "si_sdr": 9.448572158813477,
        "si_sdr_all": [
            9.448572158813477
        ]
    }
}